seed,split_method,variant,length_bin,sequences,rows,valid_positions,absolute_error_sum,weighted_mae
42,grouped,CNN + Bi-LSTM,101-150,5,50,3450,629.0928297042847,0.18234574774037238
42,grouped,CNN + Bi-LSTM,151-206,145,254,25667,5456.959342002869,0.21260604441511935
42,grouped,CNN + LSTM + Transformer,101-150,5,50,3450,682.5592889785767,0.1978432721677034
42,grouped,CNN + LSTM + Transformer,151-206,145,254,25667,5671.407270431519,0.220961050003176
42,grouped,CNN Only,101-150,5,50,3450,684.0543642044067,0.19827662730562515
42,grouped,CNN Only,151-206,145,254,25667,5662.48477268219,0.2206134247353485
42,grouped,Full Model (+ViennaRNA 7d),101-150,5,50,3450,573.6856904029846,0.16628570736318396
42,grouped,Full Model (+ViennaRNA 7d),151-206,145,254,25667,4941.464011192322,0.19252207157799203
42,random,CNN + Bi-LSTM,101-150,13,19,1311,231.2299280166626,0.17637675668700428
42,random,CNN + Bi-LSTM,151-206,239,254,25538,5468.101377487183,0.2141162729065386
42,random,CNN + LSTM + Transformer,101-150,13,19,1311,255.80128002166748,0.19511920672896071
42,random,CNN + LSTM + Transformer,151-206,239,254,25538,5719.983908653259,0.2239793213506641
42,random,CNN Only,101-150,13,19,1311,250.10472965240479,0.19077401193928664
42,random,CNN Only,151-206,239,254,25538,5704.862836837769,0.22338722048859616
42,random,Full Model (+ViennaRNA 7d),101-150,13,19,1311,223.37067222595215,0.17038190101140516
42,random,Full Model (+ViennaRNA 7d),151-206,239,254,25538,4927.113947868347,0.19293264734389332
123,grouped,CNN + Bi-LSTM,101-150,1,10,690,130.36259937286377,0.188931303438933
123,grouped,CNN + Bi-LSTM,151-206,149,241,24220,5274.216248512268,0.21776285088820266
123,grouped,CNN + LSTM + Transformer,101-150,1,10,690,131.67673206329346,0.1908358435699905
123,grouped,CNN + LSTM + Transformer,151-206,149,241,24220,5463.46949672699,0.22557677525710115
123,grouped,CNN Only,101-150,1,10,690,131.23850345611572,0.19020072964654453
123,grouped,CNN Only,151-206,149,241,24220,5430.060568809509,0.22419738104085504
123,grouped,Full Model (+ViennaRNA 7d),101-150,1,10,690,95.81096076965332,0.13885646488355555
123,grouped,Full Model (+ViennaRNA 7d),151-206,149,241,24220,4676.714345932007,0.193093077866722
123,random,CNN + Bi-LSTM,101-150,13,27,1863,340.29672050476074,0.18266061218720384
123,random,CNN + Bi-LSTM,151-206,227,246,24873,5290.549821853638,0.21270252168430176
123,random,CNN + LSTM + Transformer,101-150,13,27,1863,374.99801445007324,0.20128717898554657
123,random,CNN + LSTM + Transformer,151-206,227,246,24873,5477.016758918762,0.22019928271293218
123,random,CNN Only,101-150,13,27,1863,381.4593086242676,0.20475539915419624
123,random,CNN Only,151-206,227,246,24873,5474.017320632935,0.2200786925836423
123,random,Full Model (+ViennaRNA 7d),101-150,13,27,1863,315.445020198822,0.16932099849641546
123,random,Full Model (+ViennaRNA 7d),151-206,227,246,24873,4806.0149965286255,0.1932221684770082
2026,grouped,CNN + Bi-LSTM,101-150,4,40,2760,555.3415622711182,0.20121071096779644
2026,grouped,CNN + Bi-LSTM,151-206,146,250,25348,5491.301609992981,0.21663648453499215
2026,grouped,CNN + LSTM + Transformer,101-150,4,40,2760,600.4502563476562,0.21755444070567256
2026,grouped,CNN + LSTM + Transformer,151-206,146,250,25348,5742.514441490173,0.22654704282350377
2026,grouped,CNN Only,101-150,4,40,2760,600.6633787155151,0.21763165895489678
2026,grouped,CNN Only,151-206,146,250,25348,5725.329257965088,0.22586907282488117
2026,grouped,Full Model (+ViennaRNA 7d),101-150,4,40,2760,497.905912399292,0.1804006928982942
2026,grouped,Full Model (+ViennaRNA 7d),151-206,146,250,25348,4973.031601905823,0.1961902951675013
2026,random,CNN + Bi-LSTM,101-150,13,28,1932,377.08860540390015,0.19518043757965847
2026,random,CNN + Bi-LSTM,151-206,233,245,24689,5274.598516464233,0.2136416426936787
2026,random,CNN + LSTM + Transformer,101-150,13,28,1932,423.13673877716064,0.21901487514345788
2026,random,CNN + LSTM + Transformer,151-206,233,245,24689,5503.466651916504,0.22291168746877169
2026,random,CNN Only,101-150,13,28,1932,423.55714416503906,0.21923247627590015
2026,random,CNN Only,151-206,233,245,24689,5473.3750677108765,0.22169286191060297
2026,random,Full Model (+ViennaRNA 7d),101-150,13,28,1932,364.5969295501709,0.18871476684791455
2026,random,Full Model (+ViennaRNA 7d),151-206,233,245,24689,4835.120903968811,0.19584109943573297
