seed,split_method,variant,structure_class,valid_positions,absolute_error_sum,mae
42,grouped,CNN + Bi-LSTM,paired,17709,3306.405917406082,0.18670765810639123
42,grouped,CNN + Bi-LSTM,unpaired,11408,2779.6462647914886,0.2436576319066873
42,grouped,CNN + LSTM + Transformer,paired,17709,3419.534367084503,0.19309584770932878
42,grouped,CNN + LSTM + Transformer,unpaired,11408,2934.4321672916412,0.25722582111602743
42,grouped,CNN Only,paired,17709,3245.678025007248,0.1832784474000366
42,grouped,CNN Only,unpaired,11408,3100.861130952835,0.2718146152658516
42,grouped,Full Model (+ViennaRNA 7d),paired,17709,2963.3284919261932,0.16733460341782105
42,grouped,Full Model (+ViennaRNA 7d),unpaired,11408,2551.8211929798126,0.22368699096947867
42,random,CNN + Bi-LSTM,paired,16179,3028.1713366508484,0.18716678018733224
42,random,CNN + Bi-LSTM,unpaired,10670,2671.159976243973,0.25034301558050354
42,random,CNN + LSTM + Transformer,paired,16179,3189.86545920372,0.197160854144491
42,random,CNN + LSTM + Transformer,unpaired,10670,2785.9197101593018,0.2610983795838146
42,random,CNN Only,paired,16179,3099.437744617462,0.19157165119089326
42,random,CNN Only,unpaired,10670,2855.529815673828,0.2676222882543419
42,random,Full Model (+ViennaRNA 7d),paired,16179,2742.579775094986,0.16951478923882723
42,random,Full Model (+ViennaRNA 7d),unpaired,10670,2407.904866695404,0.2256705592029432
123,grouped,CNN + Bi-LSTM,paired,14801,2789.393268108368,0.18845978434621768
123,grouped,CNN + Bi-LSTM,unpaired,10109,2615.18554520607,0.25869873827342665
123,grouped,CNN + LSTM + Transformer,paired,14801,2900.799560070038,0.1959867279285209
123,grouped,CNN + LSTM + Transformer,unpaired,10109,2694.346658706665,0.26652949438190376
123,grouped,CNN Only,paired,14801,2803.0990114212036,0.18938578551592483
123,grouped,CNN Only,unpaired,10109,2758.2000720500946,0.27284598595806653
123,grouped,Full Model (+ViennaRNA 7d),paired,14801,2527.259287595749,0.17074922556555294
123,grouped,Full Model (+ViennaRNA 7d),unpaired,10109,2245.266004681587,0.22210564889520104
123,random,CNN + Bi-LSTM,paired,16200,2908.6888597011566,0.17954869504328128
123,random,CNN + Bi-LSTM,unpaired,10536,2722.157690048218,0.2583672826545385
123,random,CNN + LSTM + Transformer,paired,16200,3152.6211173534393,0.1946062418119407
123,random,CNN + LSTM + Transformer,unpaired,10536,2699.3936429023743,0.2562066859246749
123,random,CNN Only,paired,16200,2977.0773088932037,0.1837702042526669
123,random,CNN Only,unpaired,10536,2878.399323940277,0.27319659490701187
123,random,Full Model (+ViennaRNA 7d),paired,16200,2699.677782058716,0.1666467766702911
123,random,Full Model (+ViennaRNA 7d),unpaired,10536,2421.7822303771973,0.22985784267057682
2026,grouped,CNN + Bi-LSTM,paired,16896,3235.693141937256,0.19150645963170312
2026,grouped,CNN + Bi-LSTM,unpaired,11212,2810.950048685074,0.25070906606181537
2026,grouped,CNN + LSTM + Transformer,paired,16896,3424.5092759132385,0.20268165695509224
2026,grouped,CNN + LSTM + Transformer,unpaired,11212,2918.4554233551025,0.2602974869207191
2026,grouped,CNN Only,paired,16896,3255.113970518112,0.19265589314146023
2026,grouped,CNN Only,unpaired,11212,3070.878680229187,0.273892140584123
2026,grouped,Full Model (+ViennaRNA 7d),paired,16896,2914.6033153533936,0.17250256364544234
2026,grouped,Full Model (+ViennaRNA 7d),unpaired,11212,2556.3341920375824,0.2279998387475546
2026,random,CNN + Bi-LSTM,paired,15936,3057.093244075775,0.19183567043648186
2026,random,CNN + Bi-LSTM,unpaired,10685,2594.5938897132874,0.242825820282011
2026,random,CNN + LSTM + Transformer,paired,15936,3191.7251291275024,0.20028395639605312
2026,random,CNN + LSTM + Transformer,unpaired,10685,2734.878303527832,0.25595491843966606
2026,random,CNN Only,paired,15936,2978.0819833278656,0.1868776344959755
2026,random,CNN Only,unpaired,10685,2918.850237607956,0.2731726942075766
2026,random,Full Model (+ViennaRNA 7d),paired,15936,2750.865381002426,0.17261956457093539
2026,random,Full Model (+ViennaRNA 7d),unpaired,10685,2448.8524277210236,0.22918600165849543
