sequence_length,unique_sequences,experiment_profiles,share_of_sequences,cumulative_unique_sequences
115,15,147,0.015,15
116,0,0,0.0,15
117,0,0,0.0,15
118,0,0,0.0,15
119,0,0,0.0,15
120,0,0,0.0,15
121,0,0,0.0,15
122,0,0,0.0,15
123,0,0,0.0,15
124,0,0,0.0,15
125,0,0,0.0,15
126,0,0,0.0,15
127,0,0,0.0,15
128,0,0,0.0,15
129,0,0,0.0,15
130,0,0,0.0,15
131,0,0,0.0,15
132,0,0,0.0,15
133,0,0,0.0,15
134,0,0,0.0,15
135,0,0,0.0,15
136,0,0,0.0,15
137,0,0,0.0,15
138,0,0,0.0,15
139,0,0,0.0,15
140,0,0,0.0,15
141,0,0,0.0,15
142,0,0,0.0,15
143,0,0,0.0,15
144,0,0,0.0,15
145,0,0,0.0,15
146,0,0,0.0,15
147,0,0,0.0,15
148,0,0,0.0,15
149,0,0,0.0,15
150,0,0,0.0,15
151,0,0,0.0,15
152,0,0,0.0,15
153,0,0,0.0,15
154,0,0,0.0,15
155,3,18,0.003,18
156,0,0,0.0,18
157,0,0,0.0,18
158,0,0,0.0,18
159,0,0,0.0,18
160,0,0,0.0,18
161,0,0,0.0,18
162,0,0,0.0,18
163,0,0,0.0,18
164,0,0,0.0,18
165,0,0,0.0,18
166,0,0,0.0,18
167,0,0,0.0,18
168,0,0,0.0,18
169,0,0,0.0,18
170,54,106,0.054,72
171,0,0,0.0,72
172,0,0,0.0,72
173,0,0,0.0,72
174,0,0,0.0,72
175,0,0,0.0,72
176,0,0,0.0,72
177,915,1523,0.915,987
178,0,0,0.0,987
179,0,0,0.0,987
180,0,0,0.0,987
181,0,0,0.0,987
182,0,0,0.0,987
183,0,0,0.0,987
184,0,0,0.0,987
185,0,0,0.0,987
186,0,0,0.0,987
187,0,0,0.0,987
188,0,0,0.0,987
189,0,0,0.0,987
190,0,0,0.0,987
191,0,0,0.0,987
192,0,0,0.0,987
193,0,0,0.0,987
194,0,0,0.0,987
195,0,0,0.0,987
196,0,0,0.0,987
197,0,0,0.0,987
198,0,0,0.0,987
199,0,0,0.0,987
200,0,0,0.0,987
201,0,0,0.0,987
202,0,0,0.0,987
203,0,0,0.0,987
204,0,0,0.0,987
205,0,0,0.0,987
206,13,26,0.013,1000
