seed,split_method,variant,params,best_cv_loss,best_epoch,test_mae,final_train_loss,elapsed_sec
42,random,CNN Only,43074,0.22127517247570463,15,0.22179476294580922,0.22526293765501934,36.76226782798767
42,random,CNN + Bi-LSTM,702786,0.21084024804948864,15,0.21227351044484316,0.2161831368751423,48.9100239276886
42,random,CNN + LSTM + Transformer,2282306,0.22214457519204545,15,0.22257012016276212,0.2295642297152462,65.76729702949524
42,random,Full Model (+ViennaRNA 7d),2283266,0.1925615006224851,14,0.1918315228911866,0.20162475872620292,72.2992913722992
42,grouped,CNN Only,43074,0.23091149224448648,14,0.217966797596094,0.22564014388246864,35.06041860580444
42,grouped,CNN + Bi-LSTM,702786,0.22402937621529176,15,0.20902058481863045,0.2176773161372629,47.41633725166321
42,grouped,CNN + LSTM + Transformer,2282306,0.23226231876095652,15,0.21822188040317406,0.22858501815350363,64.42378091812134
42,grouped,Full Model (+ViennaRNA 7d),2283266,0.20055536433250887,15,0.18941338936714378,0.2028538460232034,70.954176902771
123,random,CNN Only,43074,0.21902871758893608,15,0.21901093921855422,0.22694514278667335,35.64803957939148
123,random,CNN + Bi-LSTM,702786,0.20963984019601967,15,0.21060916893786116,0.21893219448173437,48.3193895816803
123,random,CNN + LSTM + Transformer,2282306,0.21869109968736614,15,0.2188814620926022,0.22980990529863937,65.41712236404419
123,random,Full Model (+ViennaRNA 7d),2283266,0.1951763065261119,15,0.19155670111226436,0.19903119476623887,72.05240845680237
123,grouped,CNN Only,43074,0.22176097145009488,12,0.22325568335068746,0.2253205546108745,35.776320934295654
123,grouped,CNN + Bi-LSTM,702786,0.21610198826319657,14,0.2169642206082522,0.21901587611078432,49.0670964717865
123,grouped,CNN + LSTM + Transformer,2282306,0.22406473919705164,12,0.2246144567709379,0.22998426248474274,66.2917582988739
123,grouped,Full Model (+ViennaRNA 7d),2283266,0.18962407963149866,15,0.19159074229727016,0.19940391389211662,73.60880494117737
2026,random,CNN Only,43074,0.22118544679670213,15,0.22151430380128997,0.22782307748359387,36.025583028793335
2026,random,CNN + Bi-LSTM,702786,0.21060088711780264,15,0.21230182753028037,0.21769670541644037,48.426088094711304
2026,random,CNN + LSTM + Transformer,2282306,0.22124047860566395,15,0.22262888609218873,0.22825320127422605,65.73174929618835
2026,random,Full Model (+ViennaRNA 7d),2283266,0.1951712052452373,15,0.19532390411206144,0.20373234272882954,72.18866348266602
2026,grouped,CNN Only,43074,0.22199998639512986,15,0.22506021825622932,0.22695141373393693,35.26629710197449
2026,grouped,CNN + Bi-LSTM,702786,0.21243345126798796,15,0.21512179132442277,0.21778611971759448,47.70398235321045
2026,grouped,CNN + LSTM + Transformer,2282306,0.22394566738672875,15,0.22566403592143475,0.22808370590984992,64.52733159065247
2026,grouped,Full Model (+ViennaRNA 7d),2283266,0.19404984852541488,14,0.19463987555394593,0.2041551099991905,71.19161319732666
