seed,split_method,variant,epoch,train_loss,cv_loss
42,random,CNN Only,1,0.329448221476131,0.2398052594181543
42,random,CNN Only,2,0.2572599033185495,0.23138246457556014
42,random,CNN Only,3,0.24309071851085584,0.2289191825922852
42,random,CNN Only,4,0.2377358701190129,0.2277038565143565
42,random,CNN Only,5,0.23453077699289707,0.22748084178547656
42,random,CNN Only,6,0.2321454250294312,0.2256633442898646
42,random,CNN Only,7,0.2301045614438216,0.22524793790925454
42,random,CNN Only,8,0.22977136095708336,0.2245793179875102
42,random,CNN Only,9,0.22876461095421263,0.22407437696677407
42,random,CNN Only,10,0.22770159214027028,0.22328567987002013
42,random,CNN Only,11,0.22688834717066006,0.2226337095094289
42,random,CNN Only,12,0.2262946017575847,0.2224017886209378
42,random,CNN Only,13,0.2261641025809845,0.2214439618402268
42,random,CNN Only,14,0.22538412744180408,0.22160789371201492
42,random,CNN Only,15,0.22526293765501934,0.22127517247570463
42,random,CNN + Bi-LSTM,1,0.26953858478895903,0.25122371381760067
42,random,CNN + Bi-LSTM,2,0.2462691745151964,0.22994961879322692
42,random,CNN + Bi-LSTM,3,0.23375266236652362,0.22645307595770064
42,random,CNN + Bi-LSTM,4,0.2296321745118264,0.2240155969939793
42,random,CNN + Bi-LSTM,5,0.22688380022557683,0.22190819158136477
42,random,CNN + Bi-LSTM,6,0.2255340323130432,0.22074397921376082
42,random,CNN + Bi-LSTM,7,0.22460790745714126,0.22037392493544278
42,random,CNN + Bi-LSTM,8,0.22332995845931256,0.21985129978247145
42,random,CNN + Bi-LSTM,9,0.22297194625959074,0.21831953675319213
42,random,CNN + Bi-LSTM,10,0.22103552492016879,0.21577985986317236
42,random,CNN + Bi-LSTM,11,0.22050105458702451,0.21597042967152769
42,random,CNN + Bi-LSTM,12,0.2196644937255239,0.21902105762350382
42,random,CNN + Bi-LSTM,13,0.2197833403192924,0.21453284777705886
42,random,CNN + Bi-LSTM,14,0.21734590667368206,0.2116490081113277
42,random,CNN + Bi-LSTM,15,0.2161831368751423,0.21084024804948864
42,random,CNN + LSTM + Transformer,1,0.8062406166967303,0.4018473963730043
42,random,CNN + LSTM + Transformer,2,0.33691672845493403,0.2728236930608377
42,random,CNN + LSTM + Transformer,3,0.30535108095092,0.2766691143650449
42,random,CNN + LSTM + Transformer,4,0.28975079417763866,0.26717649021252193
42,random,CNN + LSTM + Transformer,5,0.2772509008548405,0.25928225002185307
42,random,CNN + LSTM + Transformer,6,0.2662665756089314,0.24029945315113654
42,random,CNN + LSTM + Transformer,7,0.2548979764594658,0.23682463744273197
42,random,CNN + LSTM + Transformer,8,0.24448810697026574,0.23311166846258527
42,random,CNN + LSTM + Transformer,9,0.2398566275179408,0.22641295683391918
42,random,CNN + LSTM + Transformer,10,0.23914852102415357,0.23580433368576512
42,random,CNN + LSTM + Transformer,11,0.23661477171188022,0.2255938102229272
42,random,CNN + LSTM + Transformer,12,0.2324866662858791,0.22809974103778297
42,random,CNN + LSTM + Transformer,13,0.23132530552350603,0.23167215241932815
42,random,CNN + LSTM + Transformer,14,0.23092772037239837,0.2257980654101577
42,random,CNN + LSTM + Transformer,15,0.2295642297152462,0.22214457519204545
42,random,Full Model (+ViennaRNA 7d),1,0.8855684567535382,0.28465116150750874
42,random,Full Model (+ViennaRNA 7d),2,0.3196701784307451,0.28171751949567525
42,random,Full Model (+ViennaRNA 7d),3,0.28902465982181014,0.2612341600814705
42,random,Full Model (+ViennaRNA 7d),4,0.2729509027676193,0.25092221348624755
42,random,Full Model (+ViennaRNA 7d),5,0.2612373569378764,0.238141146160645
42,random,Full Model (+ViennaRNA 7d),6,0.24815262682097788,0.22438841920370117
42,random,Full Model (+ViennaRNA 7d),7,0.23706071069373771,0.21846918201510343
42,random,Full Model (+ViennaRNA 7d),8,0.22402003904128157,0.20430872855279697
42,random,Full Model (+ViennaRNA 7d),9,0.21648641216401246,0.20106248725844036
42,random,Full Model (+ViennaRNA 7d),10,0.21148962667769108,0.19837517072237892
42,random,Full Model (+ViennaRNA 7d),11,0.20840737420218713,0.19635010219384247
42,random,Full Model (+ViennaRNA 7d),12,0.20607920277907724,0.1944598773005957
42,random,Full Model (+ViennaRNA 7d),13,0.20434188361312117,0.1952576132815404
42,random,Full Model (+ViennaRNA 7d),14,0.20233785194037524,0.1925615006224851
42,random,Full Model (+ViennaRNA 7d),15,0.20162475872620292,0.19414427980385113
42,grouped,CNN Only,1,0.3466942610192211,0.2507853645969765
42,grouped,CNN Only,2,0.26133273434906373,0.24057495087671021
42,grouped,CNN Only,3,0.24560661127328387,0.23761935774820916
42,grouped,CNN Only,4,0.23925714749285784,0.2365815042824867
42,grouped,CNN Only,5,0.23581879593217026,0.23496582149315912
42,grouped,CNN Only,6,0.23327731050159592,0.2345787325671748
42,grouped,CNN Only,7,0.2312923452330538,0.23511368428766272
42,grouped,CNN Only,8,0.23026120918070933,0.23326694159232186
42,grouped,CNN Only,9,0.2287730999458901,0.23237254804652868
42,grouped,CNN Only,10,0.22793533547108488,0.23264238276527363
42,grouped,CNN Only,11,0.2278528638437855,0.23192928434427137
42,grouped,CNN Only,12,0.2268107859338377,0.2315368726134944
42,grouped,CNN Only,13,0.22635883887729638,0.2310816694960506
42,grouped,CNN Only,14,0.22586745230760175,0.23091149224448648
42,grouped,CNN Only,15,0.22564014388246864,0.23120120631089053
42,grouped,CNN + Bi-LSTM,1,0.2705635481059409,0.2576990140630667
42,grouped,CNN + Bi-LSTM,2,0.2481863897876652,0.24066389386252468
42,grouped,CNN + Bi-LSTM,3,0.2337259461936452,0.23527306342784063
42,grouped,CNN + Bi-LSTM,4,0.22909428863039574,0.2331596737933349
42,grouped,CNN + Bi-LSTM,5,0.2273946885705736,0.23289545704415854
42,grouped,CNN + Bi-LSTM,6,0.22583608369610758,0.2323948329871116
42,grouped,CNN + Bi-LSTM,7,0.22480295750491477,0.23007049892607248
42,grouped,CNN + Bi-LSTM,8,0.22398182699730412,0.22869713165954703
42,grouped,CNN + Bi-LSTM,9,0.22280584731151654,0.22795888028022235
42,grouped,CNN + Bi-LSTM,10,0.22153434291404012,0.2274063613361535
42,grouped,CNN + Bi-LSTM,11,0.22098768848939002,0.22722285739495598
42,grouped,CNN + Bi-LSTM,12,0.22049001413557148,0.22625681259980504
42,grouped,CNN + Bi-LSTM,13,0.21976742479642228,0.22494445589246495
42,grouped,CNN + Bi-LSTM,14,0.21829216162467951,0.22502326488763905
42,grouped,CNN + Bi-LSTM,15,0.2176773161372629,0.22402937621529176
42,grouped,CNN + LSTM + Transformer,1,0.8547022135515621,0.3489130124217931
42,grouped,CNN + LSTM + Transformer,2,0.3228159872544868,0.28418225543355063
42,grouped,CNN + LSTM + Transformer,3,0.30039630461019123,0.2757316534627
42,grouped,CNN + LSTM + Transformer,4,0.289461594124732,0.27074456416677584
42,grouped,CNN + LSTM + Transformer,5,0.27618061833032015,0.2582437455764639
42,grouped,CNN + LSTM + Transformer,6,0.2644844658784503,0.2568451171245315
42,grouped,CNN + LSTM + Transformer,7,0.25260421972401575,0.24187915119740871
42,grouped,CNN + LSTM + Transformer,8,0.24356379819549911,0.23602153242782553
42,grouped,CNN + LSTM + Transformer,9,0.23847340776861461,0.23531044604671253
42,grouped,CNN + LSTM + Transformer,10,0.2361502946686684,0.23829837447641705
42,grouped,CNN + LSTM + Transformer,11,0.23262335946937046,0.23795190514301404
42,grouped,CNN + LSTM + Transformer,12,0.2332127911375879,0.23419228808428458
42,grouped,CNN + LSTM + Transformer,13,0.23127415567646503,0.23278850900701217
42,grouped,CNN + LSTM + Transformer,14,0.22977997544399117,0.24027721816722666
42,grouped,CNN + LSTM + Transformer,15,0.22858501815350363,0.23226231876095652
42,grouped,Full Model (+ViennaRNA 7d),1,0.9950950020414645,0.28967262035009217
42,grouped,Full Model (+ViennaRNA 7d),2,0.33179849652372934,0.27911190015433573
42,grouped,Full Model (+ViennaRNA 7d),3,0.2955019848500397,0.2687717811926987
42,grouped,Full Model (+ViennaRNA 7d),4,0.27863364902234694,0.25865855539432125
42,grouped,Full Model (+ViennaRNA 7d),5,0.2683638382623259,0.25035553089202417
42,grouped,Full Model (+ViennaRNA 7d),6,0.2577294942186525,0.24767647272268176
42,grouped,Full Model (+ViennaRNA 7d),7,0.24577966741971385,0.23658133702244702
42,grouped,Full Model (+ViennaRNA 7d),8,0.232516065791342,0.21981928851435933
42,grouped,Full Model (+ViennaRNA 7d),9,0.22118757147313178,0.21312061739340696
42,grouped,Full Model (+ViennaRNA 7d),10,0.21467528835959623,0.2096272832372854
42,grouped,Full Model (+ViennaRNA 7d),11,0.2105251731120031,0.20824675330553064
42,grouped,Full Model (+ViennaRNA 7d),12,0.20749895508921823,0.20396321876952023
42,grouped,Full Model (+ViennaRNA 7d),13,0.20537990934247657,0.2049054782031439
42,grouped,Full Model (+ViennaRNA 7d),14,0.2038131827875387,0.201829979303833
42,grouped,Full Model (+ViennaRNA 7d),15,0.2028538460232034,0.20055536433250887
123,random,CNN Only,1,0.3443455995130081,0.2342372957661727
123,random,CNN Only,2,0.2579127075979219,0.23477606413519472
123,random,CNN Only,3,0.24569020076732082,0.2280704180281164
123,random,CNN Only,4,0.2404761327439447,0.2259960571007145
123,random,CNN Only,5,0.2367047730928538,0.22515633830386161
123,random,CNN Only,6,0.2347214749953881,0.223590399818787
123,random,CNN Only,7,0.23244835351196352,0.22236543837419914
123,random,CNN Only,8,0.2317976049581688,0.22231930165268451
123,random,CNN Only,9,0.2310400659392949,0.22219115192396563
123,random,CNN Only,10,0.22959687943272356,0.22151602525021186
123,random,CNN Only,11,0.22956478698153493,0.22005360735552434
123,random,CNN Only,12,0.2285514704645058,0.22060205754727194
123,random,CNN Only,13,0.227562494001411,0.2198593775099759
123,random,CNN Only,14,0.2273936940962666,0.21955395505084266
123,random,CNN Only,15,0.22694514278667335,0.21902871758893608
123,random,CNN + Bi-LSTM,1,0.26994421195367657,0.2507215225775604
123,random,CNN + Bi-LSTM,2,0.24844616192357455,0.2275505745134721
123,random,CNN + Bi-LSTM,3,0.23479811962931524,0.2226769027363248
123,random,CNN + Bi-LSTM,4,0.2307130941485556,0.2218244396733481
123,random,CNN + Bi-LSTM,5,0.2284966914665475,0.22012109706025804
123,random,CNN + Bi-LSTM,6,0.22681104510845448,0.2181893534625881
123,random,CNN + Bi-LSTM,7,0.22546266260071396,0.21739224514396058
123,random,CNN + Bi-LSTM,8,0.22573850907952664,0.2174086077312932
123,random,CNN + Bi-LSTM,9,0.2256602372309516,0.2158079604176076
123,random,CNN + Bi-LSTM,10,0.22404245477998733,0.21543276222045415
123,random,CNN + Bi-LSTM,11,0.2226022617251381,0.21446794931769397
123,random,CNN + Bi-LSTM,12,0.22192318736662878,0.21330605783770162
123,random,CNN + Bi-LSTM,13,0.22007936425395627,0.21208168296356417
123,random,CNN + Bi-LSTM,14,0.22007254572794513,0.2112187230177593
123,random,CNN + Bi-LSTM,15,0.21893219448173437,0.20963984019601967
123,random,CNN + LSTM + Transformer,1,0.828896482816925,0.2948705637267598
123,random,CNN + LSTM + Transformer,2,0.32212150305632004,0.2688555094734493
123,random,CNN + LSTM + Transformer,3,0.2992215788800432,0.27531001476011324
123,random,CNN + LSTM + Transformer,4,0.28826452698554855,0.2627968869496678
123,random,CNN + LSTM + Transformer,5,0.2754090239189452,0.2514065481960476
123,random,CNN + LSTM + Transformer,6,0.26325070101692444,0.2369624577451017
123,random,CNN + LSTM + Transformer,7,0.2514534250073541,0.23018103492053052
123,random,CNN + LSTM + Transformer,8,0.24449880600812443,0.22637466445442
123,random,CNN + LSTM + Transformer,9,0.24067284361631716,0.22379357486370466
123,random,CNN + LSTM + Transformer,10,0.23700997857490977,0.2231723706111071
123,random,CNN + LSTM + Transformer,11,0.23480178792230066,0.22164816274858218
123,random,CNN + LSTM + Transformer,12,0.2323561174156022,0.22285318534491289
123,random,CNN + LSTM + Transformer,13,0.23150187938909747,0.22182125559615493
123,random,CNN + LSTM + Transformer,14,0.23000860271672202,0.2190929322753215
123,random,CNN + LSTM + Transformer,15,0.22980990529863937,0.21869109968736614
123,random,Full Model (+ViennaRNA 7d),1,0.7108416413791083,0.2927756125850773
123,random,Full Model (+ViennaRNA 7d),2,0.3097000485418287,0.2683035625942878
123,random,Full Model (+ViennaRNA 7d),3,0.2913447537509099,0.25850872729526747
123,random,Full Model (+ViennaRNA 7d),4,0.27173540621198294,0.25036233002370584
123,random,Full Model (+ViennaRNA 7d),5,0.2585234662075331,0.23598017731997434
123,random,Full Model (+ViennaRNA 7d),6,0.24307342537817597,0.22192953468248297
123,random,Full Model (+ViennaRNA 7d),7,0.22860056833125175,0.20741978017049212
123,random,Full Model (+ViennaRNA 7d),8,0.2176705451439786,0.2005418619597659
123,random,Full Model (+ViennaRNA 7d),9,0.21295349040755504,0.19812707304910124
123,random,Full Model (+ViennaRNA 7d),10,0.21214676393261886,0.19856443520959244
123,random,Full Model (+ViennaRNA 7d),11,0.20846066507057456,0.19746850789645687
123,random,Full Model (+ViennaRNA 7d),12,0.20691235037026096,0.19632531278119006
123,random,Full Model (+ViennaRNA 7d),13,0.20412259553960502,0.19566807536941025
123,random,Full Model (+ViennaRNA 7d),14,0.20124513666343832,0.19531171563253721
123,random,Full Model (+ViennaRNA 7d),15,0.19903119476623887,0.1951763065261119
123,grouped,CNN Only,1,0.3452811156817914,0.23557584456725697
123,grouped,CNN Only,2,0.2574175255897372,0.23541024286011542
123,grouped,CNN Only,3,0.2442410234371299,0.23217614109674417
123,grouped,CNN Only,4,0.23931867320950795,0.22841253019669255
123,grouped,CNN Only,5,0.23556624764803386,0.22623188193986965
123,grouped,CNN Only,6,0.23316591252215646,0.2249341272540394
123,grouped,CNN Only,7,0.2312676601785792,0.22437878337245626
123,grouped,CNN Only,8,0.23063815224345371,0.22454256769432349
123,grouped,CNN Only,9,0.2289856939137494,0.22458939491158525
123,grouped,CNN Only,10,0.22831972106771675,0.22259886076390156
123,grouped,CNN Only,11,0.22747740340750888,0.2227204828623646
123,grouped,CNN Only,12,0.22704081947361357,0.22176097145009488
123,grouped,CNN Only,13,0.22634812495273554,0.2226563146676969
123,grouped,CNN Only,14,0.2260033743377886,0.2224160987029212
123,grouped,CNN Only,15,0.2253205546108745,0.22268070553902283
123,grouped,CNN + Bi-LSTM,1,0.2695466492620606,0.24869491222033585
123,grouped,CNN + Bi-LSTM,2,0.24618799292481025,0.22745952346276055
123,grouped,CNN + Bi-LSTM,3,0.2322602332270826,0.22658349693220015
123,grouped,CNN + Bi-LSTM,4,0.22898265193844758,0.22256509530644888
123,grouped,CNN + Bi-LSTM,5,0.22673284724362275,0.2226008877617106
123,grouped,CNN + Bi-LSTM,6,0.22546298073782592,0.22405129723578332
123,grouped,CNN + Bi-LSTM,7,0.22414222252736374,0.22287826869786623
123,grouped,CNN + Bi-LSTM,8,0.22283025339674986,0.22130405737796163
123,grouped,CNN + Bi-LSTM,9,0.22229889006612275,0.2201429812143641
123,grouped,CNN + Bi-LSTM,10,0.22152435532599282,0.2215675514836928
123,grouped,CNN + Bi-LSTM,11,0.2213488772037115,0.22078059801582023
123,grouped,CNN + Bi-LSTM,12,0.22133343384806828,0.22009989580383893
123,grouped,CNN + Bi-LSTM,13,0.22089398106039623,0.21741440467685347
123,grouped,CNN + Bi-LSTM,14,0.21970039512726802,0.21610198826319657
123,grouped,CNN + Bi-LSTM,15,0.21901587611078432,0.2163313813084275
123,grouped,CNN + LSTM + Transformer,1,0.9830044321847601,0.28773903767474013
123,grouped,CNN + LSTM + Transformer,2,0.33064833164456037,0.2889551783822294
123,grouped,CNN + LSTM + Transformer,3,0.3006271296766685,0.27624105650212016
123,grouped,CNN + LSTM + Transformer,4,0.29182183471456086,0.26795631172598566
123,grouped,CNN + LSTM + Transformer,5,0.28250352224356723,0.25985765605233985
123,grouped,CNN + LSTM + Transformer,6,0.27084919899144877,0.24335039243391157
123,grouped,CNN + LSTM + Transformer,7,0.2563901210204708,0.23599648229136222
123,grouped,CNN + LSTM + Transformer,8,0.24715957911463926,0.22964447212142586
123,grouped,CNN + LSTM + Transformer,9,0.24110052235021684,0.22550283950951167
123,grouped,CNN + LSTM + Transformer,10,0.23805205203957966,0.22581031991368317
123,grouped,CNN + LSTM + Transformer,11,0.23434943319150087,0.22549427884439735
123,grouped,CNN + LSTM + Transformer,12,0.23340519947979171,0.22406473919705164
123,grouped,CNN + LSTM + Transformer,13,0.2329578565912695,0.2322511232912743
123,grouped,CNN + LSTM + Transformer,14,0.23180796077240592,0.225508844685639
123,grouped,CNN + LSTM + Transformer,15,0.22998426248474274,0.22953867019453186
123,grouped,Full Model (+ViennaRNA 7d),1,0.7893237417065898,0.36563384966282175
123,grouped,Full Model (+ViennaRNA 7d),2,0.3235548890679096,0.2673740995313099
123,grouped,Full Model (+ViennaRNA 7d),3,0.29808265720731747,0.25875090632892134
123,grouped,Full Model (+ViennaRNA 7d),4,0.278424087108055,0.24350182634063539
123,grouped,Full Model (+ViennaRNA 7d),5,0.2608745388457003,0.22631251252323398
123,grouped,Full Model (+ViennaRNA 7d),6,0.24165713540106606,0.21760777224012184
123,grouped,Full Model (+ViennaRNA 7d),7,0.22540434422427924,0.2072290762894721
123,grouped,Full Model (+ViennaRNA 7d),8,0.21890915325640908,0.20019210810412366
123,grouped,Full Model (+ViennaRNA 7d),9,0.21400686777740371,0.1956956605638438
123,grouped,Full Model (+ViennaRNA 7d),10,0.20762066795345266,0.19742355243545862
123,grouped,Full Model (+ViennaRNA 7d),11,0.2060727176791553,0.19823431142050438
123,grouped,Full Model (+ViennaRNA 7d),12,0.20372873933222513,0.1933872400875927
123,grouped,Full Model (+ViennaRNA 7d),13,0.2018357034040377,0.1986192024027198
123,grouped,Full Model (+ViennaRNA 7d),14,0.20183698934638905,0.19223889342563755
123,grouped,Full Model (+ViennaRNA 7d),15,0.19940391389211662,0.18962407963149866
2026,random,CNN Only,1,0.35060145064080706,0.24322022992527487
2026,random,CNN Only,2,0.26386686321675995,0.2315222575395019
2026,random,CNN Only,3,0.2490691676768132,0.2288790649886767
2026,random,CNN Only,4,0.2423357167455981,0.22751023652873179
2026,random,CNN Only,5,0.23897409098981337,0.22668138068253849
2026,random,CNN Only,6,0.23676246466775175,0.225703933549811
2026,random,CNN Only,7,0.23394532568192847,0.226599267407051
2026,random,CNN Only,8,0.2332875952265632,0.22484056127042804
2026,random,CNN Only,9,0.23200292464872735,0.2239274447196835
2026,random,CNN Only,10,0.2309577624960314,0.22337778278894582
2026,random,CNN Only,11,0.2298106714715238,0.22299508234242463
2026,random,CNN Only,12,0.2292274003870526,0.22260326545176506
2026,random,CNN Only,13,0.22840496212558956,0.22124307285303915
2026,random,CNN Only,14,0.22814860579188664,0.22173491852014857
2026,random,CNN Only,15,0.22782307748359387,0.22118544679670213
2026,random,CNN + Bi-LSTM,1,0.2704968135846933,0.25437642779272024
2026,random,CNN + Bi-LSTM,2,0.2485769688980744,0.23172439049030172
2026,random,CNN + Bi-LSTM,3,0.23467631626469637,0.2235773530060045
2026,random,CNN + Bi-LSTM,4,0.23051274663622145,0.22249370155003861
2026,random,CNN + Bi-LSTM,5,0.22808157393068196,0.22037008216234671
2026,random,CNN + Bi-LSTM,6,0.22650469451372193,0.2203423085213587
2026,random,CNN + Bi-LSTM,7,0.22608598206115815,0.21949420572316408
2026,random,CNN + Bi-LSTM,8,0.22453453538116958,0.21777201938646737
2026,random,CNN + Bi-LSTM,9,0.22361951454717066,0.2160267155482148
2026,random,CNN + Bi-LSTM,10,0.22226248668703225,0.2163228570458723
2026,random,CNN + Bi-LSTM,11,0.22182129865644792,0.21563564935733795
2026,random,CNN + Bi-LSTM,12,0.22069011857058848,0.21421171705726766
2026,random,CNN + Bi-LSTM,13,0.22075121173902365,0.2137624328039283
2026,random,CNN + Bi-LSTM,14,0.21897356823665046,0.21193443606441892
2026,random,CNN + Bi-LSTM,15,0.21769670541644037,0.21060088711780264
2026,random,CNN + LSTM + Transformer,1,0.9903691611934884,0.2956242947698892
2026,random,CNN + LSTM + Transformer,2,0.3182609785340173,0.2741568099522577
2026,random,CNN + LSTM + Transformer,3,0.2958836760801132,0.2753645182051563
2026,random,CNN + LSTM + Transformer,4,0.2867417317952732,0.2680118674043138
2026,random,CNN + LSTM + Transformer,5,0.27860798078876664,0.26529135615232574
2026,random,CNN + LSTM + Transformer,6,0.2686285842989473,0.2514425365990342
2026,random,CNN + LSTM + Transformer,7,0.25720627949007996,0.23592926143566753
2026,random,CNN + LSTM + Transformer,8,0.2467798781512453,0.23082861769315877
2026,random,CNN + LSTM + Transformer,9,0.24008235870002287,0.2266200078802093
2026,random,CNN + LSTM + Transformer,10,0.23731601206353933,0.22482225410001383
2026,random,CNN + LSTM + Transformer,11,0.23502106074369913,0.2244849704276058
2026,random,CNN + LSTM + Transformer,12,0.23214068165109256,0.2222476374678741
2026,random,CNN + LSTM + Transformer,13,0.2318869909529227,0.22150805749599506
2026,random,CNN + LSTM + Transformer,14,0.23209421925325327,0.22165802412755856
2026,random,CNN + LSTM + Transformer,15,0.22825320127422605,0.22124047860566395
2026,random,Full Model (+ViennaRNA 7d),1,0.8486969681268146,0.29234958812580675
2026,random,Full Model (+ViennaRNA 7d),2,0.3231862881283771,0.271412658972778
2026,random,Full Model (+ViennaRNA 7d),3,0.29307928710009307,0.2558006020724806
2026,random,Full Model (+ViennaRNA 7d),4,0.275558693612858,0.25126872089940994
2026,random,Full Model (+ViennaRNA 7d),5,0.26445463195182145,0.24701887324532085
2026,random,Full Model (+ViennaRNA 7d),6,0.2542434216951018,0.23342156850739904
2026,random,Full Model (+ViennaRNA 7d),7,0.2422366943330125,0.22400885794230016
2026,random,Full Model (+ViennaRNA 7d),8,0.23018961096494336,0.21737737414715103
2026,random,Full Model (+ViennaRNA 7d),9,0.22135257872528474,0.2016956541077932
2026,random,Full Model (+ViennaRNA 7d),10,0.21513908369716495,0.19955010235628343
2026,random,Full Model (+ViennaRNA 7d),11,0.21061022352619488,0.19931069327833995
2026,random,Full Model (+ViennaRNA 7d),12,0.20936961393423126,0.19777274690121935
2026,random,Full Model (+ViennaRNA 7d),13,0.20747341595027696,0.19881622860314285
2026,random,Full Model (+ViennaRNA 7d),14,0.2049706552332599,0.19559487791798244
2026,random,Full Model (+ViennaRNA 7d),15,0.20373234272882954,0.1951712052452373
2026,grouped,CNN Only,1,0.35217694471251526,0.2436700265657061
2026,grouped,CNN Only,2,0.26220972959416905,0.23353458946829778
2026,grouped,CNN Only,3,0.24869496121923887,0.23104953425994568
2026,grouped,CNN Only,4,0.24195836792240197,0.22821173675975445
2026,grouped,CNN Only,5,0.23778148838680288,0.22783777640736932
2026,grouped,CNN Only,6,0.23550502536840334,0.2287617211053651
2026,grouped,CNN Only,7,0.23375374296049625,0.2263466281507051
2026,grouped,CNN Only,8,0.23223800665379926,0.22581140438609765
2026,grouped,CNN Only,9,0.23105875039284718,0.22436478175819638
2026,grouped,CNN Only,10,0.23019232894482045,0.22376755388583214
2026,grouped,CNN Only,11,0.2290162710153393,0.22305045067274853
2026,grouped,CNN Only,12,0.22829609436506373,0.22291082717751043
2026,grouped,CNN Only,13,0.22787691627077725,0.22287963836427135
2026,grouped,CNN Only,14,0.2281040798963836,0.2228289518737738
2026,grouped,CNN Only,15,0.22695141373393693,0.22199998639512986
2026,grouped,CNN + Bi-LSTM,1,0.269078549195576,0.24805514514392615
2026,grouped,CNN + Bi-LSTM,2,0.24713907166643387,0.22949681913214567
2026,grouped,CNN + Bi-LSTM,3,0.23386300159440396,0.2256978788636425
2026,grouped,CNN + Bi-LSTM,4,0.23105819733149635,0.22365465455652764
2026,grouped,CNN + Bi-LSTM,5,0.22816122328639274,0.22286436804007187
2026,grouped,CNN + Bi-LSTM,6,0.2272230348118143,0.22190387783093793
2026,grouped,CNN + Bi-LSTM,7,0.22508906321426758,0.2202856760825961
2026,grouped,CNN + Bi-LSTM,8,0.22385075463361248,0.21918173490991397
2026,grouped,CNN + Bi-LSTM,9,0.2227645587572379,0.21800093017586913
2026,grouped,CNN + Bi-LSTM,10,0.22146927816118955,0.2169100885244643
2026,grouped,CNN + Bi-LSTM,11,0.22045597676289175,0.2179005085690292
2026,grouped,CNN + Bi-LSTM,12,0.22087114999857146,0.21567741851878047
2026,grouped,CNN + Bi-LSTM,13,0.2189428681176351,0.21473353890690527
2026,grouped,CNN + Bi-LSTM,14,0.21883084095284883,0.2137872094516513
2026,grouped,CNN + Bi-LSTM,15,0.21778611971759448,0.21243345126798796
2026,grouped,CNN + LSTM + Transformer,1,0.9605059405237327,0.27790621206807525
2026,grouped,CNN + LSTM + Transformer,2,0.31474352040265646,0.2747249047799709
2026,grouped,CNN + LSTM + Transformer,3,0.2958535120536621,0.27212821581162927
2026,grouped,CNN + LSTM + Transformer,4,0.28542680066855447,0.2675901193452957
2026,grouped,CNN + LSTM + Transformer,5,0.2785149523980343,0.2582212569170394
2026,grouped,CNN + LSTM + Transformer,6,0.26914147368876346,0.24806493572876542
2026,grouped,CNN + LSTM + Transformer,7,0.2571593018074144,0.2371264839151765
2026,grouped,CNN + LSTM + Transformer,8,0.24511552781992837,0.2290748001033267
2026,grouped,CNN + LSTM + Transformer,9,0.23910968977375177,0.22674515504911533
2026,grouped,CNN + LSTM + Transformer,10,0.23568842398447024,0.22537129386814791
2026,grouped,CNN + LSTM + Transformer,11,0.23306797267847165,0.225093037800868
2026,grouped,CNN + LSTM + Transformer,12,0.23187584025643793,0.22566835111012928
2026,grouped,CNN + LSTM + Transformer,13,0.23145880521288348,0.22600109257302053
2026,grouped,CNN + LSTM + Transformer,14,0.22959195282342035,0.22677169904719505
2026,grouped,CNN + LSTM + Transformer,15,0.22808370590984992,0.22394566738672875
2026,grouped,Full Model (+ViennaRNA 7d),1,0.9415834310160377,0.3660120893157264
2026,grouped,Full Model (+ViennaRNA 7d),2,0.3273491972822912,0.2670007485490951
2026,grouped,Full Model (+ViennaRNA 7d),3,0.29762153659589596,0.2614950891867789
2026,grouped,Full Model (+ViennaRNA 7d),4,0.28249546340886583,0.25140530926014254
2026,grouped,Full Model (+ViennaRNA 7d),5,0.27060716315141203,0.2502255921247278
2026,grouped,Full Model (+ViennaRNA 7d),6,0.2610017032305529,0.23943845933669544
2026,grouped,Full Model (+ViennaRNA 7d),7,0.2490130220899152,0.22482583129623546
2026,grouped,Full Model (+ViennaRNA 7d),8,0.23548691918141762,0.21157351449583092
2026,grouped,Full Model (+ViennaRNA 7d),9,0.2237199620723918,0.20433947305244352
2026,grouped,Full Model (+ViennaRNA 7d),10,0.21637012393336041,0.20112672976959325
2026,grouped,Full Model (+ViennaRNA 7d),11,0.21364276413218078,0.2034558398131654
2026,grouped,Full Model (+ViennaRNA 7d),12,0.20921452838102525,0.1972592773789047
2026,grouped,Full Model (+ViennaRNA 7d),13,0.20700006329204337,0.19821245540977447
2026,grouped,Full Model (+ViennaRNA 7d),14,0.20568055191257048,0.19404984852541488
2026,grouped,Full Model (+ViennaRNA 7d),15,0.2041551099991905,0.1950941233781026
