seed,split_method,variant,experiment_type,rows,valid_positions,absolute_error_sum,weighted_mae
42,grouped,CNN + Bi-LSTM,2A3_MaP,145,13860,3323.5644941329956,0.23979541804711368
42,grouped,CNN + Bi-LSTM,DMS_MaP,159,15257,2762.4876775741577,0.18106362178502705
42,grouped,CNN + LSTM + Transformer,2A3_MaP,145,13860,3463.500500679016,0.24989181101580202
42,grouped,CNN + LSTM + Transformer,DMS_MaP,159,15257,2890.466058731079,0.18945179646923244
42,grouped,CNN Only,2A3_MaP,145,13860,3455.0342721939087,0.24928097201976254
42,grouped,CNN Only,DMS_MaP,159,15257,2891.504864692688,0.189519883639817
42,grouped,Full Model (+ViennaRNA 7d),2A3_MaP,145,13860,3135.1081533432007,0.2261982794619914
42,grouped,Full Model (+ViennaRNA 7d),DMS_MaP,159,15257,2380.0415482521057,0.1559966932065351
42,random,CNN + Bi-LSTM,2A3_MaP,112,10996,2699.3991479873657,0.2454891913411573
42,random,CNN + Bi-LSTM,DMS_MaP,161,15853,2999.9321575164795,0.18923435043944234
42,random,CNN + LSTM + Transformer,2A3_MaP,112,10996,2818.9049854278564,0.25635731042450494
42,random,CNN + LSTM + Transformer,DMS_MaP,161,15853,3156.8802032470703,0.19913456148660003
42,random,CNN Only,2A3_MaP,112,10996,2793.295768737793,0.25402835292268033
42,random,CNN Only,DMS_MaP,161,15853,3161.6717977523804,0.19943681307969346
42,random,Full Model (+ViennaRNA 7d),2A3_MaP,112,10996,2532.4039344787598,0.23030228578380862
42,random,Full Model (+ViennaRNA 7d),DMS_MaP,161,15853,2618.0806856155396,0.1651473339819302
123,grouped,CNN + Bi-LSTM,2A3_MaP,116,11505,2859.1848850250244,0.24851672186223595
123,grouped,CNN + Bi-LSTM,DMS_MaP,135,13405,2545.3939628601074,0.18988392113838923
123,grouped,CNN + LSTM + Transformer,2A3_MaP,116,11505,2972.3406496047974,0.25835207732332005
123,grouped,CNN + LSTM + Transformer,DMS_MaP,135,13405,2622.805579185486,0.19565875264345287
123,grouped,CNN Only,2A3_MaP,116,11505,2950.553756713867,0.256458388241101
123,grouped,CNN Only,DMS_MaP,135,13405,2610.745315551758,0.1947590686722684
123,grouped,Full Model (+ViennaRNA 7d),2A3_MaP,116,11505,2605.052225112915,0.2264278335604446
123,grouped,Full Model (+ViennaRNA 7d),DMS_MaP,135,13405,2167.473081588745,0.1616913898984517
123,random,CNN + Bi-LSTM,2A3_MaP,127,12343,2933.273286819458,0.23764670556748424
123,random,CNN + Bi-LSTM,DMS_MaP,146,14393,2697.5732555389404,0.18742258427978464
123,random,CNN + LSTM + Transformer,2A3_MaP,127,12343,3057.1790075302124,0.24768524730861316
123,random,CNN + LSTM + Transformer,DMS_MaP,146,14393,2794.835765838623,0.19418021022987725
123,random,CNN Only,2A3_MaP,127,12343,3055.7584047317505,0.2475701535065827
123,random,CNN Only,DMS_MaP,146,14393,2799.7182245254517,0.1945194347617211
123,random,Full Model (+ViennaRNA 7d),2A3_MaP,127,12343,2728.8369607925415,0.2210837690020693
123,random,Full Model (+ViennaRNA 7d),DMS_MaP,146,14393,2392.623055934906,0.16623518765614576
2026,grouped,CNN + Bi-LSTM,2A3_MaP,137,13257,3224.393900871277,0.24322198844921752
2026,grouped,CNN + Bi-LSTM,DMS_MaP,153,14851,2822.2492713928223,0.1900376588373054
2026,grouped,CNN + LSTM + Transformer,2A3_MaP,137,13257,3405.343102455139,0.25687132099684234
2026,grouped,CNN + LSTM + Transformer,DMS_MaP,153,14851,2937.6215953826904,0.1978063157620827
2026,grouped,CNN Only,2A3_MaP,137,13257,3363.601424217224,0.2537226690968714
2026,grouped,CNN Only,DMS_MaP,153,14851,2962.391212463379,0.1994741911294444
2026,grouped,Full Model (+ViennaRNA 7d),2A3_MaP,137,13257,3006.8348751068115,0.22681110923337192
2026,grouped,Full Model (+ViennaRNA 7d),DMS_MaP,153,14851,2464.102639198303,0.1659216644803921
2026,random,CNN + Bi-LSTM,2A3_MaP,126,12277,2967.8695821762085,0.24174224828347385
2026,random,CNN + Bi-LSTM,DMS_MaP,147,14344,2683.817539691925,0.18710384409452907
2026,random,CNN + LSTM + Transformer,2A3_MaP,126,12277,3159.8777179718018,0.25738191072507954
2026,random,CNN + LSTM + Transformer,DMS_MaP,147,14344,2766.725672721863,0.1928838310598064
2026,random,CNN Only,2A3_MaP,126,12277,3115.722759246826,0.25378535140888053
2026,random,CNN Only,DMS_MaP,147,14344,2781.2094526290894,0.19389357589438716
2026,random,Full Model (+ViennaRNA 7d),2A3_MaP,126,12277,2864.7954597473145,0.2333465390361908
2026,random,Full Model (+ViennaRNA 7d),DMS_MaP,147,14344,2334.9223737716675,0.162780422042085
