seed,variant,grouped,random,grouped_minus_random
42,CNN + Bi-LSTM,0.22402937621529176,0.21084024804948864,0.013189128165803116
42,CNN + LSTM + Transformer,0.23226231876095652,0.22214457519204545,0.01011774356891107
42,CNN Only,0.23091149224448648,0.22127517247570463,0.009636319768781848
42,Full Model (+ViennaRNA 7d),0.20055536433250887,0.1925615006224851,0.00799386371002378
123,CNN + Bi-LSTM,0.21610198826319657,0.20963984019601967,0.006462148067176904
123,CNN + LSTM + Transformer,0.22406473919705164,0.21869109968736614,0.005373639509685502
123,CNN Only,0.22176097145009488,0.21902871758893608,0.002732253861158801
123,Full Model (+ViennaRNA 7d),0.18962407963149866,0.1951763065261119,-0.005552226894613238
2026,CNN + Bi-LSTM,0.21243345126798796,0.21060088711780264,0.0018325641501853174
2026,CNN + LSTM + Transformer,0.22394566738672875,0.22124047860566395,0.0027051887810647934
2026,CNN Only,0.22199998639512986,0.22118544679670213,0.000814539598427727
2026,Full Model (+ViennaRNA 7d),0.19404984852541488,0.1951712052452373,-0.001121356719822414
